symbol,ok,priceBRL,status,message
AAGR11,1,95.01,200,""
ABEV3,1,16.27,200,""
AGRO3,1,21.24,200,""
AGRX11,1,9.23,200,""
AGXY3,1,2.24,200,""
AMZO34,1,53.42,200,""
BEEF11,0,,0,"fetch failed"
BEEF3,1,5.21,200,""
CAMB3,1,9.41,200,""
CAML3,1,6.87,200,""
CASH3,1,3.41,200,""
COCA34,1,69.05,200,""
CORN11,0,,0,"fetch failed"
GOAT11,0,,0,"fetch failed"
IAGR11,0,,0,"fetch failed"
JALL3,0,,0,"fetch failed"
JBSS32,0,,0,"fetch failed"
MATD3,0,,0,"fetch failed"
MBRF3,0,,0,"fetch failed"
MDIA3,0,,0,"fetch failed"
MEAL3,0,,0,"fetch failed"
NATU3,0,,0,"fetch failed"
PEPB34,0,,0,"fetch failed"
RAIZ4,0,,0,"fetch failed"
RURA11,0,,0,"fetch failed"
SLCE3,0,,0,"fetch failed"
SMFT3,0,,0,"fetch failed"
SMTO3,0,,0,"fetch failed"
SOJA3,0,,0,"fetch failed"
STZB34,0,,0,"fetch failed"
TGMA3,0,,0,"fetch failed"
ALOS3,0,,0,"fetch failed"
AXIA3,0,,0,"fetch failed"
AXIA6,0,,0,"fetch failed"
AXIA7,0,,0,"fetch failed"
CURY3,0,,0,"fetch failed"
CYRE3,0,,0,"fetch failed"
CYRE4,0,,0,"fetch failed"
DEXP3,0,,0,"fetch failed"
DIRR3,0,,0,"fetch failed"
DXCO3,0,,0,"fetch failed"
EVEN3,0,,0,"fetch failed"
EZTC3,0,,0,"fetch failed"
GGPS3,0,,0,"fetch failed"
HBOR3,0,,0,"fetch failed"
HOME34,0,,0,"fetch failed"
JHSF3,0,,0,"fetch failed"
LAND3,0,,0,"fetch failed"
LAVV3,0,,0,"fetch failed"
LOGG3,0,,0,"fetch failed"
LUPA13,0,,0,"fetch failed"
LUPA3,0,,0,"fetch failed"
MRVE3,0,,0,"fetch failed"
MTRE3,0,,0,"fetch failed"
NGRD3,0,,0,"fetch failed"
PDGR3,0,,0,"fetch failed"
PLPL3,0,,0,"fetch failed"
RENT3,0,,0,"fetch failed"
RENT4,0,,0,"fetch failed"
RSID3,0,,0,"fetch failed"
SEER3,0,,0,"fetch failed"
TEND3,0,,0,"fetch failed"
TRIS3,0,,0,"fetch failed"
ANIM3,0,,0,"fetch failed"
COGN3,0,,0,"fetch failed"
ESPA3,0,,0,"fetch failed"
YDUQ3,0,,0,"fetch failed"
ALUP11,0,,0,"fetch failed"
ALUP3,0,,0,"fetch failed"
ALUP4,0,,0,"fetch failed"
AURE3,0,,0,"fetch failed"
CBEE3,0,,0,"fetch failed"
CEAB3,0,,0,"fetch failed"
CEBR3,0,,0,"fetch failed"
CEBR5,0,,0,"fetch failed"
CEBR6,0,,0,"fetch failed"
CEEB3,0,,0,"fetch failed"
CEOC11,0,,0,"fetch failed"
CGRA4,0,,0,"fetch failed"
CLSC4,0,,0,"fetch failed"
CMIG3,0,,0,"fetch failed"
CMIG4,0,,0,"fetch failed"
COCE3,0,,0,"fetch failed"
COCE5,0,,0,"fetch failed"
COCE6,0,,0,"fetch failed"
CPFE3,0,,0,"fetch failed"
CPLE3,0,,0,"fetch failed"
CSMG3,0,,0,"fetch failed"
D1EL34,0,,0,"fetch failed"
E1QN34,0,,0,"fetch failed"
EGIE3,0,,0,"fetch failed"
EKTR4,0,,0,"fetch failed"
EMAE3,0,,0,"fetch failed"
EMAE4,0,,0,"fetch failed"
ENER3,0,,0,"fetch failed"
ENEV3,0,,0,"fetch failed"
ENGI11,0,,0,"fetch failed"
ENGI3,0,,0,"fetch failed"
ENGI4,0,,0,"fetch failed"
EPAR3,0,,0,"fetch failed"
EQPA3,0,,0,"fetch failed"
EQTL3,0,,0,"fetch failed"
GEPA4,0,,0,"fetch failed"
ISAE3,0,,0,"fetch failed"
ISAE4,0,,0,"fetch failed"
LIGT3,0,,0,"fetch failed"
NEOE3,0,,0,"fetch failed"
REDE3,0,,0,"fetch failed"
RNEW3,0,,0,"fetch failed"
RNEW4,0,,0,"fetch failed"
SNSY3,0,,0,"fetch failed"
SNSY5,0,,0,"fetch failed"
TAEE11,0,,0,"fetch failed"
TAEE3,0,,0,"fetch failed"
TAEE4,0,,0,"fetch failed"
W1EL34,0,,0,"fetch failed"
ABCB4,0,,0,"fetch failed"
B3SA3,0,,0,"fetch failed"
BAZA3,0,,0,"fetch failed"
BBAS3,0,,0,"fetch failed"
BBDC3,0,,0,"fetch failed"
BBDC4,0,,0,"fetch failed"
BCSA34,0,,0,"fetch failed"
BEES3,0,,0,"fetch failed"
BEES4,0,,0,"fetch failed"
BERK34,0,,0,"fetch failed"
BGIP3,0,,0,"fetch failed"
BGIP4,0,,0,"fetch failed"
BMEB3,0,,0,"fetch failed"
BMEB4,0,,0,"fetch failed"
BMGB4,0,,0,"fetch failed"
BNBR3,0,,0,"fetch failed"
BPAC11,0,,0,"fetch failed"
BPAC3,0,,0,"fetch failed"
BPAC5,0,,0,"fetch failed"
BRSR3,0,,0,"fetch failed"
BRSR6,0,,0,"fetch failed"
BSLI3,0,,0,"fetch failed"
CXSE3,0,,0,"fetch failed"
ITSA3,0,,0,"fetch failed"
ITSA4,0,,0,"fetch failed"
ITUB3,0,,0,"fetch failed"
ITUB4,0,,0,"fetch failed"
JPMC34,0,,0,"fetch failed"
PINE4,0,,0,"fetch failed"
SANB11,0,,0,"fetch failed"
SANB3,0,,0,"fetch failed"
SANB4,0,,0,"fetch failed"
UBSG34,0,,0,"fetch failed"
WFCO34,0,,0,"fetch failed"
AMOB3,0,,0,"fetch failed"
BMKS3,0,,0,"fetch failed"
CVCB3,0,,0,"fetch failed"
DOTZ3,0,,0,"fetch failed"
IFCM3,0,,0,"fetch failed"
MELI34,0,,0,"fetch failed"
NUIF11,0,,0,"fetch failed"
PAGS34,0,,0,"fetch failed"
PGCO34,0,,0,"fetch failed"
POSI3,0,,0,"fetch failed"
PYPL34,0,,0,"fetch failed"
VISA34,0,,0,"fetch failed"
BBSE3,0,,0,"fetch failed"
IRBR3,0,,0,"fetch failed"
PSSA3,0,,0,"fetch failed"
SULA11,0,,0,"fetch failed"
AAPL,0,,0,"fetch failed"
ABBV,0,,0,"fetch failed"
ABT,0,,0,"fetch failed"
ADBE,0,,0,"fetch failed"
AMAT,0,,0,"fetch failed"
AMD,0,,0,"fetch failed"
AMZN,0,,0,"fetch failed"
ASML,0,,0,"fetch failed"
AVGO,0,,0,"fetch failed"
BABA,0,,0,"fetch failed"
BAC,0,,0,"fetch failed"
BRK.B,0,,0,"fetch failed"
COST,0,,0,"fetch failed"
CRM,0,,0,"fetch failed"
CSCO,0,,0,"fetch failed"
CVX,0,,0,"fetch failed"
DHR,0,,0,"fetch failed"
DIS,0,,0,"fetch failed"
GOOGL,0,,0,"fetch failed"
HD,0,,0,"fetch failed"
IBM,0,,0,"fetch failed"
INTC,0,,0,"fetch failed"
JNJ,0,,0,"fetch failed"
JPM,0,,0,"fetch failed"
KO,0,,0,"fetch failed"
LLY,0,,0,"fetch failed"
LRCX,0,,0,"fetch failed"
MA,0,,0,"fetch failed"
MCD,0,,0,"fetch failed"
MELI,0,,0,"fetch failed"
META,0,,0,"fetch failed"
MRK,0,,0,"fetch failed"
MSFT,0,,0,"fetch failed"
NEE,0,,0,"fetch failed"
NFLX,0,,0,"fetch failed"
NKE,0,,0,"fetch failed"
NVDA,0,,0,"fetch failed"
PDD,0,,0,"fetch failed"
PEP,0,,0,"fetch failed"
PG,0,,0,"fetch failed"
QCOM,0,,0,"fetch failed"
TMO,0,,0,"fetch failed"
TSLA,0,,0,"fetch failed"
TSM,0,,0,"fetch failed"
TXN,0,,0,"fetch failed"
UNH,0,,0,"fetch failed"
V,0,,0,"fetch failed"
WMT,0,,0,"fetch failed"
XOM,0,,0,"fetch failed"
AURA33,0,,0,"fetch failed"
BRAP3,0,,0,"fetch failed"
BRAP4,0,,0,"fetch failed"
CMIN3,0,,0,"fetch failed"
CSNA3,0,,0,"fetch failed"
FESA4,0,,0,"fetch failed"
GGBR3,0,,0,"fetch failed"
GGBR4,0,,0,"fetch failed"
GOAU3,0,,0,"fetch failed"
GOAU4,0,,0,"fetch failed"
INEP3,0,,0,"fetch failed"
INEP4,0,,0,"fetch failed"
KEPL3,0,,0,"fetch failed"
MYPK3,0,,0,"fetch failed"
ROMI3,0,,0,"fetch failed"
TTEN3,0,,0,"fetch failed"
TUPY3,0,,0,"fetch failed"
USIM3,0,,0,"fetch failed"
USIM5,0,,0,"fetch failed"
VALE3,0,,0,"fetch failed"
ALLD3,0,,0,"fetch failed"
ATTA3,0,,0,"fetch failed"
BBAS11,0,,0,"fetch failed"
CRPG5,0,,0,"fetch failed"
CTSA3,0,,0,"fetch failed"
CTSA4,0,,0,"fetch failed"
DESK3,0,,0,"fetch failed"
ETER3,0,,0,"fetch failed"
FHER3,0,,0,"fetch failed"
FIQE3,0,,0,"fetch failed"
GRND3,0,,0,"fetch failed"
HAGA3,0,,0,"fetch failed"
HAGA4,0,,0,"fetch failed"
IGSN3,0,,0,"fetch failed"
LPSB3,0,,0,"fetch failed"
MILS3,0,,0,"fetch failed"
MULT3,0,,0,"fetch failed"
OPCT3,0,,0,"fetch failed"
RCSL3,0,,0,"fetch failed"
RCSL4,0,,0,"fetch failed"
SCAR3,0,,0,"fetch failed"
SEQL3,0,,0,"fetch failed"
SHUL4,0,,0,"fetch failed"
TASA3,0,,0,"fetch failed"
TASA4,0,,0,"fetch failed"
VITT3,0,,0,"fetch failed"
VULC3,0,,0,"fetch failed"
WEGE3,0,,0,"fetch failed"
KLBN11,0,,0,"fetch failed"
KLBN3,0,,0,"fetch failed"
KLBN4,0,,0,"fetch failed"
POMO3,0,,0,"fetch failed"
POMO4,0,,0,"fetch failed"
RANI3,0,,0,"fetch failed"
SUZB3,0,,0,"fetch failed"
BRKM3,0,,0,"fetch failed"
BRKM5,0,,0,"fetch failed"
BRKM6,0,,0,"fetch failed"
CATP34,0,,0,"fetch failed"
UNIP3,0,,0,"fetch failed"
UNIP6,0,,0,"fetch failed"
ATTB34,0,,0,"fetch failed"
BRAV3,0,,0,"fetch failed"
CHVX34,0,,0,"fetch failed"
COPH34,0,,0,"fetch failed"
CSAN3,0,,0,"fetch failed"
EXXO34,0,,0,"fetch failed"
OIBR3,0,,0,"fetch failed"
OIBR4,0,,0,"fetch failed"
OXYP34,0,,0,"fetch failed"
PETR3,0,,0,"fetch failed"
PETR4,0,,0,"fetch failed"
PRIO3,0,,0,"fetch failed"
PRNR3,0,,0,"fetch failed"
RECV3,0,,0,"fetch failed"
RPMG3,0,,0,"fetch failed"
SLBG34,0,,0,"fetch failed"
UGPA3,0,,0,"fetch failed"
VBBR3,0,,0,"fetch failed"
ENBR3,0,,0,"fetch failed"
LWSA3,0,,0,"fetch failed"
SAPR11,0,,0,"fetch failed"
SAPR3,0,,0,"fetch failed"
SAPR4,0,,0,"fetch failed"
SBSP3,0,,0,"fetch failed"
ABBV34,0,,0,"fetch failed"
AMGN34,0,,0,"fetch failed"
BIOM3,0,,0,"fetch failed"
BLAU3,0,,0,"fetch failed"
DASA3,0,,0,"fetch failed"
FLRY3,0,,0,"fetch failed"
HAPV3,0,,0,"fetch failed"
HYPE3,0,,0,"fetch failed"
JFEN3,0,,0,"fetch failed"
JNJB34,0,,0,"fetch failed"
LILY34,0,,0,"fetch failed"
MDTC34,0,,0,"fetch failed"
MGEL4,0,,0,"fetch failed"
MRCK34,0,,0,"fetch failed"
ODPV3,0,,0,"fetch failed"
OFSA3,0,,0,"fetch failed"
ONCO3,0,,0,"fetch failed"
PFIZ34,0,,0,"fetch failed"
PFRM3,0,,0,"fetch failed"
PGMN3,0,,0,"fetch failed"
PNVL3,0,,0,"fetch failed"
QUAL3,0,,0,"fetch failed"
RDOR3,0,,0,"fetch failed"
SIMH3,0,,0,"fetch failed"
UNHH34,0,,0,"fetch failed"
AAPL34,0,,0,"fetch failed"
ADBE34,0,,0,"fetch failed"
AERI3,0,,0,"fetch failed"
ARML3,0,,0,"fetch failed"
ASML34,0,,0,"fetch failed"
AVGO34,0,,0,"fetch failed"
BABA34,0,,0,"fetch failed"
BMOB3,0,,0,"fetch failed"
COIN11,0,,0,"fetch failed"
CSCO34,0,,0,"fetch failed"
CSXC34,0,,0,"fetch failed"
DHER34,0,,0,"fetch failed"
DISB34,0,,0,"fetch failed"
DMVF3,0,,0,"fetch failed"
EBAY34,0,,0,"fetch failed"
EQIX34,0,,0,"fetch failed"
FICT3,0,,0,"fetch failed"
GOGL34,0,,0,"fetch failed"
GOGL35,0,,0,"fetch failed"
IGTI11,0,,0,"fetch failed"
IGTI3,0,,0,"fetch failed"
INTB3,0,,0,"fetch failed"
INTU34,0,,0,"fetch failed"
LEVE3,0,,0,"fetch failed"
MELK3,0,,0,"fetch failed"
META11,0,,0,"fetch failed"
MSFT34,0,,0,"fetch failed"
NETE34,0,,0,"fetch failed"
NEXP3,0,,0,"fetch failed"
NFLX34,0,,0,"fetch failed"
NMRH34,0,,0,"fetch failed"
NVDC34,0,,0,"fetch failed"
ORCL34,0,,0,"fetch failed"
PDTC3,0,,0,"fetch failed"
QCOM34,0,,0,"fetch failed"
RIOT34,0,,0,"fetch failed"
SAPP34,0,,0,"fetch failed"
SIMN34,0,,0,"fetch failed"
SYNE3,0,,0,"fetch failed"
TECN3,0,,0,"fetch failed"
TOTS3,0,,0,"fetch failed"
TSLA34,0,,0,"fetch failed"
TSMC34,0,,0,"fetch failed"
VVEO3,0,,0,"fetch failed"
TELB3,0,,0,"fetch failed"
TELB4,0,,0,"fetch failed"
TIMS3,0,,0,"fetch failed"
VIVT3,0,,0,"fetch failed"
AZEV3,0,,0,"fetch failed"
AZEV4,0,,0,"fetch failed"
FRAS3,0,,0,"fetch failed"
JSLG3,0,,0,"fetch failed"
MOVI3,0,,0,"fetch failed"
PCAR3,0,,0,"fetch failed"
PTBL3,0,,0,"fetch failed"
RAIL3,0,,0,"fetch failed"
RPAD5,0,,0,"fetch failed"
TCSA3,0,,0,"fetch failed"
TPIS3,0,,0,"fetch failed"
VAMO3,0,,0,"fetch failed"
ALPA4,0,,0,"fetch failed"
AMAR3,0,,0,"fetch failed"
AMER3,0,,0,"fetch failed"
ASAI3,0,,0,"fetch failed"
BRPR3,0,,0,"fetch failed"
COLG34,0,,0,"fetch failed"
COWC34,0,,0,"fetch failed"
HBSA3,0,,0,"fetch failed"
LJQQ3,0,,0,"fetch failed"
LREN3,0,,0,"fetch failed"
MACY34,0,,0,"fetch failed"
MGLU3,0,,0,"fetch failed"
NIKE34,0,,0,"fetch failed"
RADL3,0,,0,"fetch failed"
SBFG3,0,,0,"fetch failed"
SHOW3,0,,0,"fetch failed"
TFCO4,0,,0,"fetch failed"
VIVA3,0,,0,"fetch failed"
VLID3,0,,0,"fetch failed"
WALM34,0,,0,"fetch failed"
AIRB34,0,,0,"fetch failed"
ARMT34,0,,0,"fetch failed"
BIDU34,0,,0,"fetch failed"
BKNG34,0,,0,"fetch failed"
BLAK34,0,,0,"fetch failed"
BOAC34,0,,0,"fetch failed"
BONY34,0,,0,"fetch failed"
BOXP34,0,,0,"fetch failed"
C2OI34,0,,0,"fetch failed"
CTGP34,0,,0,"fetch failed"
DBAG34,0,,0,"fetch failed"
DDNB34,0,,0,"fetch failed"
DEEC34,0,,0,"fetch failed"
DEOP34,0,,0,"fetch failed"
DGCO34,0,,0,"fetch failed"
DLTR34,0,,0,"fetch failed"
DUKB34,0,,0,"fetch failed"
ELCI34,0,,0,"fetch failed"
EXGR34,0,,0,"fetch failed"
FASL34,0,,0,"fetch failed"
FCXO34,0,,0,"fetch failed"
FDMO34,0,,0,"fetch failed"
FFTD34,0,,0,"fetch failed"
FMSC34,0,,0,"fetch failed"
FMXB34,0,,0,"fetch failed"
FOXC34,0,,0,"fetch failed"
FSLR34,0,,0,"fetch failed"
GILD34,0,,0,"fetch failed"
GMCO34,0,,0,"fetch failed"
HONB34,0,,0,"fetch failed"
HOND34,0,,0,"fetch failed"
K2CG34,0,,0,"fetch failed"
LOWC34,0,,0,"fetch failed"
MKLC34,0,,0,"fetch failed"
MUTC34,0,,0,"fetch failed"
NEXT34,0,,0,"fetch failed"
NOKI34,0,,0,"fetch failed"
ORLY34,0,,0,"fetch failed"
REGN34,0,,0,"fetch failed"
ROST34,0,,0,"fetch failed"
ROXO34,0,,0,"fetch failed"
RYTT34,0,,0,"fetch failed"
SCHW34,0,,0,"fetch failed"
SNEC34,0,,0,"fetch failed"
SPGI34,0,,0,"fetch failed"
SSFO34,0,,0,"fetch failed"
STMN34,0,,0,"fetch failed"
TAKP34,0,,0,"fetch failed"
TEXA34,0,,0,"fetch failed"
TGTB34,0,,0,"fetch failed"
TJXC34,0,,0,"fetch failed"
TMCO34,0,,0,"fetch failed"
TMOS34,0,,0,"fetch failed"
TPRY34,0,,0,"fetch failed"
TRVC34,0,,0,"fetch failed"
TSNF34,0,,0,"fetch failed"
TXSA34,0,,0,"fetch failed"
ULEV34,0,,0,"fetch failed"
UPAC34,0,,0,"fetch failed"
UPSS34,0,,0,"fetch failed"
VERZ34,0,,0,"fetch failed"
VFCO34,0,,0,"fetch failed"
VLOE34,0,,0,"fetch failed"
VLYB34,0,,0,"fetch failed"
VRSN34,0,,0,"fetch failed"
VRTX34,0,,0,"fetch failed"
WUNI34,0,,0,"fetch failed"
XRAY34,0,,0,"fetch failed"
XRXB34,0,,0,"fetch failed"
Y2PF34,0,,0,"fetch failed"
YUMR34,0,,0,"fetch failed"
CC,0,,0,"fetch failed"
CT,0,,0,"fetch failed"
GF,0,,0,"fetch failed"
HE,0,,0,"fetch failed"
KC,0,,0,"fetch failed"
LE,0,,0,"fetch failed"
OJ,0,,0,"fetch failed"
SB,0,,0,"fetch failed"
ZC,0,,0,"fetch failed"
ZS,0,,0,"fetch failed"
ZW,0,,0,"fetch failed"
CCMH26,0,,0,"fetch failed"
CCMK26,0,,0,"fetch failed"
CCMU26,0,,0,"fetch failed"
SJCH26,0,,0,"fetch failed"
SJCK26,0,,0,"fetch failed"
SJCN26,0,,0,"fetch failed"
SJCX26,0,,0,"fetch failed"
BZ,0,,0,"fetch failed"
CL,0,,0,"fetch failed"
HO,0,,0,"fetch failed"
NG,0,,0,"fetch failed"
RB,0,,0,"fetch failed"
ETHG26,0,,0,"fetch failed"
ETHH26,0,,0,"fetch failed"
ALI,0,,0,"fetch failed"
GC,0,,0,"fetch failed"
GOLD11,0,,0,"fetch failed"
HG,0,,0,"fetch failed"
PA,0,,0,"fetch failed"
PL,0,,0,"fetch failed"
SI,0,,0,"fetch failed"
SLVB34,0,,0,"fetch failed"
BGI,0,,0,"fetch failed"
BGIO,0,,0,"fetch failed"
AZPL11,0,,0,"fetch failed"
BITH11,0,,0,"fetch failed"
BTHF11,0,,0,"fetch failed"
CRPT11,0,,0,"fetch failed"
DEFI11,0,,0,"fetch failed"
ETHA39,0,,0,"fetch failed"
ETHE11,0,,0,"fetch failed"
HASH11,0,,0,"fetch failed"
HODL11,0,,0,"fetch failed"
IBIT39,0,,0,"fetch failed"
QBTC11,0,,0,"fetch failed"
QETH11,0,,0,"fetch failed"
SNFZ11,0,,0,"fetch failed"
SOLH11,0,,0,"fetch failed"
BGIG26,0,,0,"fetch failed"
BGIH26,0,,0,"fetch failed"
BGIJ26,0,,0,"fetch failed"
BGIK26,0,,0,"fetch failed"
BGIM26,0,,0,"fetch failed"
BGIN26,0,,0,"fetch failed"
BGIQ26,0,,0,"fetch failed"
BGIU26,0,,0,"fetch failed"
BGIV26,0,,0,"fetch failed"
BGIX26,0,,0,"fetch failed"
BITG26,0,,0,"fetch failed"
BITH26,0,,0,"fetch failed"
BITK26,0,,0,"fetch failed"
BITN26,0,,0,"fetch failed"
BITU26,0,,0,"fetch failed"
BITZ26,0,,0,"fetch failed"
ETRG26,0,,0,"fetch failed"
ETRH26,0,,0,"fetch failed"
SOLG26,0,,0,"fetch failed"
SOLH26,0,,0,"fetch failed"
AAVE,0,,0,"fetch failed"
ADA,0,,0,"fetch failed"
ALGO,0,,0,"fetch failed"
APT,0,,0,"fetch failed"
ARB,0,,0,"fetch failed"
ATOM,0,,0,"fetch failed"
AVAX,0,,0,"fetch failed"
AXS,0,,0,"fetch failed"
BCH,0,,0,"fetch failed"
BNB,0,,0,"fetch failed"
BTC,0,,0,"fetch failed"
BUSD,0,,0,"fetch failed"
DAI,0,,0,"fetch failed"
DOGE,0,,0,"fetch failed"
DOT,0,,0,"fetch failed"
EOS,0,,0,"fetch failed"
ETH,0,,0,"fetch failed"
FDUSD,0,,0,"fetch failed"
FIL,0,,0,"fetch failed"
HBAR,0,,0,"fetch failed"
ICP,0,,0,"fetch failed"
LINK,0,,0,"fetch failed"
LTC,0,,0,"fetch failed"
MANA,0,,0,"fetch failed"
MATIC,0,,0,"fetch failed"
NEAR,0,,0,"fetch failed"
OP,0,,0,"fetch failed"
PEPE,0,,0,"fetch failed"
SAND,0,,0,"fetch failed"
SHIB,0,,0,"fetch failed"
SOL,0,,0,"fetch failed"
SUI,0,,0,"fetch failed"
TON,0,,0,"fetch failed"
TRX,0,,0,"fetch failed"
UNI,0,,0,"fetch failed"
USDC,0,,0,"fetch failed"
USDT,0,,0,"fetch failed"
VET,0,,0,"fetch failed"
XLM,0,,0,"fetch failed"
XRP,0,,0,"fetch failed"
XTZ,0,,0,"fetch failed"
BCRI11,0,,0,"fetch failed"
CACR11,0,,0,"fetch failed"
CCME11,0,,0,"fetch failed"
CPTS11,0,,0,"fetch failed"
CXRI11,0,,0,"fetch failed"
DCRA11,0,,0,"fetch failed"
GCRI11,0,,0,"fetch failed"
HCRI11,0,,0,"fetch failed"
HGCR11,0,,0,"fetch failed"
IBCR11,0,,0,"fetch failed"
ICRI11,0,,0,"fetch failed"
KCRE11,0,,0,"fetch failed"
KNCA11,0,,0,"fetch failed"
KNCR11,0,,0,"fetch failed"
KNHF11,0,,0,"fetch failed"
KNHY11,0,,0,"fetch failed"
KNIP11,0,,0,"fetch failed"
KNRE11,0,,0,"fetch failed"
KNRI11,0,,0,"fetch failed"
KNSC11,0,,0,"fetch failed"
KNUQ11,0,,0,"fetch failed"
MXRF11,0,,0,"fetch failed"
NCRI11,0,,0,"fetch failed"
RBHY11,0,,0,"fetch failed"
RBIF11,0,,0,"fetch failed"
RBOP11,0,,0,"fetch failed"
RBRL11,0,,0,"fetch failed"
RBRP11,0,,0,"fetch failed"
RBRR11,0,,0,"fetch failed"
RBRS11,0,,0,"fetch failed"
RBRX11,0,,0,"fetch failed"
RBRY11,0,,0,"fetch failed"
RECR11,0,,0,"fetch failed"
VCRI11,0,,0,"fetch failed"
VCRR11,0,,0,"fetch failed"
VGRI11,0,,0,"fetch failed"
VRTA11,0,,0,"fetch failed"
AFHI11,0,,0,"fetch failed"
AIEC11,0,,0,"fetch failed"
AJFI11,0,,0,"fetch failed"
ALZR11,0,,0,"fetch failed"
AROA11,0,,0,"fetch failed"
ARRI11,0,,0,"fetch failed"
AZIN11,0,,0,"fetch failed"
BBFO11,0,,0,"fetch failed"
BBIG11,0,,0,"fetch failed"
BBRC11,0,,0,"fetch failed"
BCIA11,0,,0,"fetch failed"
BIDB11,0,,0,"fetch failed"
BIME11,0,,0,"fetch failed"
BODB11,0,,0,"fetch failed"
BRZP11,0,,0,"fetch failed"
BTAG11,0,,0,"fetch failed"
BTAL11,0,,0,"fetch failed"
BTCI11,0,,0,"fetch failed"
BTRA11,0,,0,"fetch failed"
CARE11,0,,0,"fetch failed"
CDII11,0,,0,"fetch failed"
CLIN11,0,,0,"fetch failed"
CNES11,0,,0,"fetch failed"
CPSH11,0,,0,"fetch failed"
CPTI11,0,,0,"fetch failed"
CPTR11,0,,0,"fetch failed"
CRFF11,0,,0,"fetch failed"
CXAG11,0,,0,"fetch failed"
CXCI11,0,,0,"fetch failed"
CXCO11,0,,0,"fetch failed"
CYCR11,0,,0,"fetch failed"
DAMA11,0,,0,"fetch failed"
DPRO11,0,,0,"fetch failed"
DVFF11,0,,0,"fetch failed"
EGAF11,0,,0,"fetch failed"
EGYR11,0,,0,"fetch failed"
ENDD11,0,,0,"fetch failed"
EQIR11,0,,0,"fetch failed"
EXES11,0,,0,"fetch failed"
FAED11,0,,0,"fetch failed"
FATN11,0,,0,"fetch failed"
FCFL11,0,,0,"fetch failed"
FIGS11,0,,0,"fetch failed"
FIIB11,0,,0,"fetch failed"
FIND11,0,,0,"fetch failed"
FIXA11,0,,0,"fetch failed"
FLCR11,0,,0,"fetch failed"
FMOF11,0,,0,"fetch failed"
FNAM11,0,,0,"fetch failed"
FVPQ11,0,,0,"fetch failed"
GAME11,0,,0,"fetch failed"
GARE11,0,,0,"fetch failed"
GCRA11,0,,0,"fetch failed"
GENB11,0,,0,"fetch failed"
GRWA11,0,,0,"fetch failed"
GSFI11,0,,0,"fetch failed"
GZIT11,0,,0,"fetch failed"
HABT11,0,,0,"fetch failed"
HBCR11,0,,0,"fetch failed"
HCTR11,0,,0,"fetch failed"
HOFC11,0,,0,"fetch failed"
HRDF11,0,,0,"fetch failed"
HREC11,0,,0,"fetch failed"
HTMX11,0,,0,"fetch failed"
IFIX11,0,,0,"fetch failed"
ITIP11,0,,0,"fetch failed"
ITRI11,0,,0,"fetch failed"
JFLL11,0,,0,"fetch failed"
JGPX11,0,,0,"fetch failed"
JPPA11,0,,0,"fetch failed"
JSAF11,0,,0,"fetch failed"
JURO11,0,,0,"fetch failed"
KDIF11,0,,0,"fetch failed"
KISU11,0,,0,"fetch failed"
KIVO11,0,,0,"fetch failed"
LASC11,0,,0,"fetch failed"
LIFE11,0,,0,"fetch failed"
LSAG11,0,,0,"fetch failed"
MANA11,0,,0,"fetch failed"
MAXR11,0,,0,"fetch failed"
MCCI11,0,,0,"fetch failed"
MFII11,0,,0,"fetch failed"
MGHT11,0,,0,"fetch failed"
NAVT11,0,,0,"fetch failed"
NEWL11,0,,0,"fetch failed"
OGIN11,0,,0,"fetch failed"
OIAG11,0,,0,"fetch failed"
OUJP11,0,,0,"fetch failed"
PABY11,0,,0,"fetch failed"
PATC11,0,,0,"fetch failed"
PATL11,0,,0,"fetch failed"
PEMA11,0,,0,"fetch failed"
PEVC11,0,,0,"fetch failed"
PFIN11,0,,0,"fetch failed"
PLCA11,0,,0,"fetch failed"
PLRI11,0,,0,"fetch failed"
PORD11,0,,0,"fetch failed"
PPLA11,0,,0,"fetch failed"
PRSN11,0,,0,"fetch failed"
PSVM11,0,,0,"fetch failed"
RBDS11,0,,0,"fetch failed"
RBHG11,0,,0,"fetch failed"
RBIR11,0,,0,"fetch failed"
RCFA11,0,,0,"fetch failed"
RCRB11,0,,0,"fetch failed"
RELG11,0,,0,"fetch failed"
RINV11,0,,0,"fetch failed"
RNGO11,0,,0,"fetch failed"
RPRI11,0,,0,"fetch failed"
RZAG11,0,,0,"fetch failed"
RZAK11,0,,0,"fetch failed"
RZAT11,0,,0,"fetch failed"
RZTR11,0,,0,"fetch failed"
SCPF11,0,,0,"fetch failed"
SMRE11,0,,0,"fetch failed"
SNAG11,0,,0,"fetch failed"
SNCI11,0,,0,"fetch failed"
SNEL11,0,,0,"fetch failed"
SNFF11,0,,0,"fetch failed"
SNLG11,0,,0,"fetch failed"
SNME11,0,,0,"fetch failed"
SPTW11,0,,0,"fetch failed"
SVAL11,0,,0,"fetch failed"
TEPP11,0,,0,"fetch failed"
TGAR11,0,,0,"fetch failed"
TORD11,0,,0,"fetch failed"
TRBL11,0,,0,"fetch failed"
TRIG11,0,,0,"fetch failed"
TVRI11,0,,0,"fetch failed"
URPR11,0,,0,"fetch failed"
VCJR11,0,,0,"fetch failed"
VCRA11,0,,0,"fetch failed"
VGHF11,0,,0,"fetch failed"
VGIA11,0,,0,"fetch failed"
VIGT11,0,,0,"fetch failed"
VILG11,0,,0,"fetch failed"
VINO11,0,,0,"fetch failed"
VISC11,0,,0,"fetch failed"
VIUR11,0,,0,"fetch failed"
VSHO11,0,,0,"fetch failed"
VSLH11,0,,0,"fetch failed"
VVCR11,0,,0,"fetch failed"
VVMR11,0,,0,"fetch failed"
WHGR11,0,,0,"fetch failed"
WPLZ11,0,,0,"fetch failed"
XPCA11,0,,0,"fetch failed"
XPCM11,0,,0,"fetch failed"
XPID11,0,,0,"fetch failed"
XPSF11,0,,0,"fetch failed"
BCFF11,0,,0,"fetch failed"
CRAA11,0,,0,"fetch failed"
FGAA11,0,,0,"fetch failed"
HFOF11,0,,0,"fetch failed"
KFOF11,0,,0,"fetch failed"
RFOF11,0,,0,"fetch failed"
ATSA11,0,,0,"fetch failed"
BLCA11,0,,0,"fetch failed"
BRCR11,0,,0,"fetch failed"
DEVA11,0,,0,"fetch failed"
FLMA11,0,,0,"fetch failed"
HGBS11,0,,0,"fetch failed"
HGRE11,0,,0,"fetch failed"
HSML11,0,,0,"fetch failed"
JSRE11,0,,0,"fetch failed"
PVBI11,0,,0,"fetch failed"
RBRD11,0,,0,"fetch failed"
SEQR11,0,,0,"fetch failed"
VGIR11,0,,0,"fetch failed"
XPIE11,0,,0,"fetch failed"
XPML11,0,,0,"fetch failed"
BLMG11,0,,0,"fetch failed"
BRCO11,0,,0,"fetch failed"
BTLG11,0,,0,"fetch failed"
GGRC11,0,,0,"fetch failed"
GLOG11,0,,0,"fetch failed"
GTWR11,0,,0,"fetch failed"
HGLG11,0,,0,"fetch failed"
HLOG11,0,,0,"fetch failed"
HSLG11,0,,0,"fetch failed"
LVBI11,0,,0,"fetch failed"
RBVA11,0,,0,"fetch failed"
TRXF11,0,,0,"fetch failed"
VGIP11,0,,0,"fetch failed"
XPLG11,0,,0,"fetch failed"
HOSI11,0,,0,"fetch failed"
HSAF11,0,,0,"fetch failed"
NSLU11,0,,0,"fetch failed"
NVHO11,0,,0,"fetch failed"
ARS,0,,0,"fetch failed"
AUD,0,,0,"fetch failed"
BRL,0,,0,"fetch failed"
CAD,0,,0,"fetch failed"
CHF,0,,0,"fetch failed"
CLP,0,,0,"fetch failed"
CNH,0,,0,"fetch failed"
CNY,0,,0,"fetch failed"
COP,0,,0,"fetch failed"
DKK,0,,0,"fetch failed"
EUR,0,,0,"fetch failed"
GBP,0,,0,"fetch failed"
HKD,0,,0,"fetch failed"
HUF,0,,0,"fetch failed"
INR,0,,0,"fetch failed"
JPY,0,,0,"fetch failed"
KRW,0,,0,"fetch failed"
MXN,0,,0,"fetch failed"
NOK,0,,0,"fetch failed"
NZD,0,,0,"fetch failed"
PEN,0,,0,"fetch failed"
PLN,0,,0,"fetch failed"
RUB,0,,0,"fetch failed"
SEK,0,,0,"fetch failed"
SGD,0,,0,"fetch failed"
THB,0,,0,"fetch failed"
TRY,0,,0,"fetch failed"
TWD,0,,0,"fetch failed"
USD,0,,0,"fetch failed"
UYU,0,,0,"fetch failed"
ZAR,0,,0,"fetch failed"
DOLA11,0,,0,"fetch failed"
EURO11,0,,0,"fetch failed"
KDOL11,0,,0,"fetch failed"
USDB11,0,,0,"fetch failed"
DOL,0,,0,"fetch failed"
DOLF27,0,,0,"fetch failed"
DOLF28,0,,0,"fetch failed"
DOLF29,0,,0,"fetch failed"
DOLF30,0,,0,"fetch failed"
DOLH26,0,,0,"fetch failed"
DOLJ26,0,,0,"fetch failed"
DOLJ27,0,,0,"fetch failed"
DOLJ28,0,,0,"fetch failed"
DOLN26,0,,0,"fetch failed"
DOLN27,0,,0,"fetch failed"
DOLN28,0,,0,"fetch failed"
DOLN29,0,,0,"fetch failed"
DOLN30,0,,0,"fetch failed"
DOLV26,0,,0,"fetch failed"
DOLV27,0,,0,"fetch failed"
DOLV28,0,,0,"fetch failed"
WDO,0,,0,"fetch failed"
ARSBRL,0,,0,"fetch failed"
AUDBRL,0,,0,"fetch failed"
AUDUSD,0,,0,"fetch failed"
CADBRL,0,,0,"fetch failed"
CHFBRL,0,,0,"fetch failed"
CNYBRL,0,,0,"fetch failed"
EURBRL,0,,0,"fetch failed"
EURGBP,0,,0,"fetch failed"
EURJPY,0,,0,"fetch failed"
EURUSD,0,,0,"fetch failed"
GBPBRL,0,,0,"fetch failed"
GBPJPY,0,,0,"fetch failed"
GBPUSD,0,,0,"fetch failed"
JPYBRL,0,,0,"fetch failed"
MXNBRL,0,,0,"fetch failed"
NZDUSD,0,,0,"fetch failed"
USDBRL,0,,0,"fetch failed"
USDCAD,0,,0,"fetch failed"
USDCHF,0,,0,"fetch failed"
USDCNY,0,,0,"fetch failed"
USDINR,0,,0,"fetch failed"
USDJPY,0,,0,"fetch failed"
USDMXN,0,,0,"fetch failed"
USDZAR,0,,0,"fetch failed"
CDB,0,,0,"fetch failed"
COE,0,,0,"fetch failed"
CRA,0,,0,"fetch failed"
CRI,0,,0,"fetch failed"
DEBENTURE,0,,0,"fetch failed"
DEBENTURE_INC,0,,0,"fetch failed"
FI_RF,0,,0,"fetch failed"
LCA,0,,0,"fetch failed"
LCI,0,,0,"fetch failed"
LFT,0,,0,"fetch failed"
LTN,0,,0,"fetch failed"
NTN-B,0,,0,"fetch failed"
NTN-B_PRINC,0,,0,"fetch failed"
NTN-C,0,,0,"fetch failed"
NTN-F,0,,0,"fetch failed"
POUPANCA,0,,0,"fetch failed"
DCOF27,0,,0,"fetch failed"
DCOF28,0,,0,"fetch failed"
DCOF29,0,,0,"fetch failed"
DCOF30,0,,0,"fetch failed"
DCOF31,0,,0,"fetch failed"
DCOF32,0,,0,"fetch failed"
DCOF33,0,,0,"fetch failed"
DCOF34,0,,0,"fetch failed"
DCOF35,0,,0,"fetch failed"
DCOF36,0,,0,"fetch failed"
DCOF37,0,,0,"fetch failed"
DCOF38,0,,0,"fetch failed"
DCOF39,0,,0,"fetch failed"
DCOF40,0,,0,"fetch failed"
DCOH26,0,,0,"fetch failed"
DCOJ26,0,,0,"fetch failed"
DCOJ27,0,,0,"fetch failed"
DCOJ28,0,,0,"fetch failed"
DCOJ29,0,,0,"fetch failed"
DCOJ30,0,,0,"fetch failed"
DCON26,0,,0,"fetch failed"
DCON27,0,,0,"fetch failed"
DCON28,0,,0,"fetch failed"
DCON29,0,,0,"fetch failed"
DCON30,0,,0,"fetch failed"
DCOV26,0,,0,"fetch failed"
DCOV27,0,,0,"fetch failed"
DCOV28,0,,0,"fetch failed"
DCOV29,0,,0,"fetch failed"
DDIF27,0,,0,"fetch failed"
DDIF28,0,,0,"fetch failed"
DDIF29,0,,0,"fetch failed"
DDIF30,0,,0,"fetch failed"
DDIF31,0,,0,"fetch failed"
DDIF32,0,,0,"fetch failed"
DDIF33,0,,0,"fetch failed"
DDIF34,0,,0,"fetch failed"
DDIF35,0,,0,"fetch failed"
DDIF36,0,,0,"fetch failed"
DDIF37,0,,0,"fetch failed"
DDIF38,0,,0,"fetch failed"
DDIF39,0,,0,"fetch failed"
DDIF40,0,,0,"fetch failed"
DDIH26,0,,0,"fetch failed"
DDIJ26,0,,0,"fetch failed"
DDIJ27,0,,0,"fetch failed"
DDIJ28,0,,0,"fetch failed"
DDIJ29,0,,0,"fetch failed"
DDIJ30,0,,0,"fetch failed"
DDIN26,0,,0,"fetch failed"
DDIN27,0,,0,"fetch failed"
DDIN28,0,,0,"fetch failed"
DDIN29,0,,0,"fetch failed"
DDIN30,0,,0,"fetch failed"
DDIV26,0,,0,"fetch failed"
DDIV27,0,,0,"fetch failed"
DDIV28,0,,0,"fetch failed"
DDIV29,0,,0,"fetch failed"
FRCF27,0,,0,"fetch failed"
FRCF28,0,,0,"fetch failed"
FRCF29,0,,0,"fetch failed"
FRCF30,0,,0,"fetch failed"
FRCF31,0,,0,"fetch failed"
FRCF32,0,,0,"fetch failed"
FRCF33,0,,0,"fetch failed"
FRCF34,0,,0,"fetch failed"
FRCF36,0,,0,"fetch failed"
FRCF37,0,,0,"fetch failed"
FRCF38,0,,0,"fetch failed"
FRCF39,0,,0,"fetch failed"
FRCJ26,0,,0,"fetch failed"
FRCJ27,0,,0,"fetch failed"
FRCJ28,0,,0,"fetch failed"
FRCJ30,0,,0,"fetch failed"
FRCN26,0,,0,"fetch failed"
FRCN27,0,,0,"fetch failed"
FRCN28,0,,0,"fetch failed"
FRCN30,0,,0,"fetch failed"
FRCV26,0,,0,"fetch failed"
FRCV27,0,,0,"fetch failed"
FRCV28,0,,0,"fetch failed"
FRCV29,0,,0,"fetch failed"
FROF27,0,,0,"fetch failed"
FROF28,0,,0,"fetch failed"
FROF29,0,,0,"fetch failed"
FROF30,0,,0,"fetch failed"
FROF31,0,,0,"fetch failed"
FROF32,0,,0,"fetch failed"
FROF34,0,,0,"fetch failed"
FROF35,0,,0,"fetch failed"
FROF36,0,,0,"fetch failed"
FROF37,0,,0,"fetch failed"
FROF38,0,,0,"fetch failed"
FROF39,0,,0,"fetch failed"
FROJ26,0,,0,"fetch failed"
FROJ27,0,,0,"fetch failed"
FROJ28,0,,0,"fetch failed"
FROJ30,0,,0,"fetch failed"
FRON26,0,,0,"fetch failed"
FRON27,0,,0,"fetch failed"
FRON28,0,,0,"fetch failed"
FRON30,0,,0,"fetch failed"
FROV26,0,,0,"fetch failed"
FROV27,0,,0,"fetch failed"
FROV28,0,,0,"fetch failed"
FROV29,0,,0,"fetch failed"
B5P211,0,,0,"fetch failed"
BNDX11,0,,0,"fetch failed"
IB5M11,0,,0,"fetch failed"
IMAB11,0,,0,"fetch failed"
INBR32,0,,0,"fetch failed"
IRFM11,0,,0,"fetch failed"
LFTB11,0,,0,"fetch failed"
LFTS11,0,,0,"fetch failed"
PIBB11,0,,0,"fetch failed"
XFIX11,0,,0,"fetch failed"
XPBR31,0,,0,"fetch failed"
DI1F27,0,,0,"fetch failed"
DI1F28,0,,0,"fetch failed"
DI1F29,0,,0,"fetch failed"
DI1F30,0,,0,"fetch failed"
DI1F31,0,,0,"fetch failed"
DI1F32,0,,0,"fetch failed"
DI1F33,0,,0,"fetch failed"
DI1F34,0,,0,"fetch failed"
DI1F35,0,,0,"fetch failed"
DI1F36,0,,0,"fetch failed"
DI1F37,0,,0,"fetch failed"
DI1F38,0,,0,"fetch failed"
DI1F39,0,,0,"fetch failed"
DI1F40,0,,0,"fetch failed"
DI1H26,0,,0,"fetch failed"
DI1J26,0,,0,"fetch failed"
DI1J27,0,,0,"fetch failed"
DI1J28,0,,0,"fetch failed"
DI1J29,0,,0,"fetch failed"
DI1J30,0,,0,"fetch failed"
DI1N26,0,,0,"fetch failed"
DI1N27,0,,0,"fetch failed"
DI1N28,0,,0,"fetch failed"
DI1N29,0,,0,"fetch failed"
DI1N30,0,,0,"fetch failed"
DI1V26,0,,0,"fetch failed"
DI1V27,0,,0,"fetch failed"
DI1V28,0,,0,"fetch failed"
DI1V29,0,,0,"fetch failed"
OC1F27,0,,0,"fetch failed"
OC1F28,0,,0,"fetch failed"
OC1F29,0,,0,"fetch failed"
OC1F30,0,,0,"fetch failed"
OC1F31,0,,0,"fetch failed"
OC1F32,0,,0,"fetch failed"
OC1F33,0,,0,"fetch failed"
OC1F34,0,,0,"fetch failed"
OC1F35,0,,0,"fetch failed"
OC1F36,0,,0,"fetch failed"
OC1F37,0,,0,"fetch failed"
OC1F38,0,,0,"fetch failed"
OC1F39,0,,0,"fetch failed"
OC1F40,0,,0,"fetch failed"
OC1H26,0,,0,"fetch failed"
OC1J26,0,,0,"fetch failed"
OC1J27,0,,0,"fetch failed"
OC1J28,0,,0,"fetch failed"
OC1J29,0,,0,"fetch failed"
OC1J30,0,,0,"fetch failed"
OC1N26,0,,0,"fetch failed"
OC1N27,0,,0,"fetch failed"
OC1N28,0,,0,"fetch failed"
OC1N29,0,,0,"fetch failed"
OC1N30,0,,0,"fetch failed"
OC1V26,0,,0,"fetch failed"
OC1V27,0,,0,"fetch failed"
DIFF27F28,0,,0,"fetch failed"
DIFF27F29,0,,0,"fetch failed"
DIFF27F30,0,,0,"fetch failed"
DIFF27F31,0,,0,"fetch failed"
DIFF27F32,0,,0,"fetch failed"
DIFF27F35,0,,0,"fetch failed"
DIFF27J27,0,,0,"fetch failed"
DIFF27J28,0,,0,"fetch failed"
DIFF27N27,0,,0,"fetch failed"
DIFF27N28,0,,0,"fetch failed"
DIFF27V27,0,,0,"fetch failed"
DIFF27V28,0,,0,"fetch failed"
DIFF28F29,0,,0,"fetch failed"
DIFF28F30,0,,0,"fetch failed"
DIFF33F34,0,,0,"fetch failed"
DIFF33F35,0,,0,"fetch failed"
DIFF33F37,0,,0,"fetch failed"
DIFF33F38,0,,0,"fetch failed"
DIFF34F35,0,,0,"fetch failed"
DIFH26J26,0,,0,"fetch failed"
DIFJ26F28,0,,0,"fetch failed"
DIFJ26F29,0,,0,"fetch failed"
DIFJ26F31,0,,0,"fetch failed"
DIFJ26J27,0,,0,"fetch failed"
DIFJ26N26,0,,0,"fetch failed"
DIFJ27F28,0,,0,"fetch failed"
DIFJ28F29,0,,0,"fetch failed"
DIFJ28N28,0,,0,"fetch failed"
DIFJ29F30,0,,0,"fetch failed"
DIFN26F28,0,,0,"fetch failed"
DIFN26F29,0,,0,"fetch failed"
DIFN26F30,0,,0,"fetch failed"
DIFN27F28,0,,0,"fetch failed"
DIFN27F29,0,,0,"fetch failed"
DIFN27F30,0,,0,"fetch failed"
DIFN27F31,0,,0,"fetch failed"
DIFN27N28,0,,0,"fetch failed"
DIFN28F29,0,,0,"fetch failed"
DIFN28F30,0,,0,"fetch failed"
DIFN29F30,0,,0,"fetch failed"
DIFN29F31,0,,0,"fetch failed"
DIFN29F32,0,,0,"fetch failed"
DIFN29V29,0,,0,"fetch failed"
DIFN30F31,0,,0,"fetch failed"
DIFV26F28,0,,0,"fetch failed"
DIFV26F29,0,,0,"fetch failed"
DIFV26F31,0,,0,"fetch failed"
DIFV27F28,0,,0,"fetch failed"
DIFV27F29,0,,0,"fetch failed"
DIFV27F30,0,,0,"fetch failed"
DIFV27N28,0,,0,"fetch failed"
DIFV28F29,0,,0,"fetch failed"
DIFV29F30,0,,0,"fetch failed"
DAFK27Q28,0,,0,"fetch failed"
DAFK29Q30,0,,0,"fetch failed"
DAFK35Q40,0,,0,"fetch failed"
DAFQ26Q30,0,,0,"fetch failed"
DAFQ28Q30,0,,0,"fetch failed"
DAFQ32K33,0,,0,"fetch failed"
DAIK27Q28,0,,0,"fetch failed"
DAIK29Q30,0,,0,"fetch failed"
DAIK35Q40,0,,0,"fetch failed"
DAIQ26Q30,0,,0,"fetch failed"
DAIQ28Q30,0,,0,"fetch failed"
DAIQ32K33,0,,0,"fetch failed"
DAPF27,0,,0,"fetch failed"
DAPK27,0,,0,"fetch failed"
DAPK29,0,,0,"fetch failed"
DAPK33,0,,0,"fetch failed"
DAPK35,0,,0,"fetch failed"
DAPK45,0,,0,"fetch failed"
DAPK55,0,,0,"fetch failed"
DAPQ26,0,,0,"fetch failed"
DAPQ28,0,,0,"fetch failed"
DAPQ30,0,,0,"fetch failed"
DAPQ32,0,,0,"fetch failed"
DAPQ40,0,,0,"fetch failed"
DAPQ50,0,,0,"fetch failed"
DAPQ60,0,,0,"fetch failed"
TF473,0,,0,"fetch failed"
TF474,0,,0,"fetch failed"
TF475,0,,0,"fetch failed"
TF483,0,,0,"fetch failed"
TF484,0,,0,"fetch failed"
TF485,0,,0,"fetch failed"
TF493,0,,0,"fetch failed"
TF494,0,,0,"fetch failed"
TF495,0,,0,"fetch failed"
TF503,0,,0,"fetch failed"
TF504,0,,0,"fetch failed"
TF505,0,,0,"fetch failed"
TF513,0,,0,"fetch failed"
TF514,0,,0,"fetch failed"
TF515,0,,0,"fetch failed"
TF523,0,,0,"fetch failed"
TF524,0,,0,"fetch failed"
TF525,0,,0,"fetch failed"
TF533,0,,0,"fetch failed"
TF534,0,,0,"fetch failed"
TF535,0,,0,"fetch failed"
TF543,0,,0,"fetch failed"
TF544,0,,0,"fetch failed"
TF553,0,,0,"fetch failed"
TF554,0,,0,"fetch failed"
TF555,0,,0,"fetch failed"
TF563,0,,0,"fetch failed"
TF564,0,,0,"fetch failed"
TF565,0,,0,"fetch failed"
TF573,0,,0,"fetch failed"
TF574,0,,0,"fetch failed"
TF575,0,,0,"fetch failed"
TF583,0,,0,"fetch failed"
TF584,0,,0,"fetch failed"
TF585,0,,0,"fetch failed"
TF593,0,,0,"fetch failed"
TF594,0,,0,"fetch failed"
TF595,0,,0,"fetch failed"
TF603,0,,0,"fetch failed"
TF604,0,,0,"fetch failed"
TF623,0,,0,"fetch failed"
TF624,0,,0,"fetch failed"
TF625,0,,0,"fetch failed"
TF645,0,,0,"fetch failed"
CDI,0,,0,"fetch failed"
ECB_RATE,0,,0,"fetch failed"
ESTR,0,,0,"fetch failed"
EURIBOR,0,,0,"fetch failed"
FED_FUNDS,0,,0,"fetch failed"
IGP-DI,0,,0,"fetch failed"
IGP-M,0,,0,"fetch failed"
INPC,0,,0,"fetch failed"
IPCA,0,,0,"fetch failed"
LIBOR,0,,0,"fetch failed"
SELIC,0,,0,"fetch failed"
SOFR,0,,0,"fetch failed"
SONIA,0,,0,"fetch failed"
TJLP,0,,0,"fetch failed"
TONAR,0,,0,"fetch failed"
TR,0,,0,"fetch failed"
TAXA100,0,,0,"fetch failed"
TAXA101,0,,0,"fetch failed"
TAXA102,0,,0,"fetch failed"
TAXA103,0,,0,"fetch failed"
TAXA104,0,,0,"fetch failed"
TAXA105,0,,0,"fetch failed"
TAXA106,0,,0,"fetch failed"
TAXA107,0,,0,"fetch failed"
TAXA108,0,,0,"fetch failed"
TAXA109,0,,0,"fetch failed"
TAXA110,0,,0,"fetch failed"
TAXA111,0,,0,"fetch failed"
TAXA112,0,,0,"fetch failed"
TAXA113,0,,0,"fetch failed"
TAXA114,0,,0,"fetch failed"
TAXA115,0,,0,"fetch failed"
TAXA116,0,,0,"fetch failed"
TAXA117,0,,0,"fetch failed"
TAXA118,0,,0,"fetch failed"
TAXA119,0,,0,"fetch failed"
TAXA120,0,,0,"fetch failed"
TAXA121,0,,0,"fetch failed"
TAXA122,0,,0,"fetch failed"
TAXA123,0,,0,"fetch failed"
TAXA124,0,,0,"fetch failed"
TAXA125,0,,0,"fetch failed"
TAXA126,0,,0,"fetch failed"
TAXA127,0,,0,"fetch failed"
TAXA128,0,,0,"fetch failed"
TAXA129,0,,0,"fetch failed"
TAXA130,0,,0,"fetch failed"
TAXA131,0,,0,"fetch failed"
TAXA132,0,,0,"fetch failed"
TAXA133,0,,0,"fetch failed"
TAXA134,0,,0,"fetch failed"
TAXA135,0,,0,"fetch failed"
TAXA136,0,,0,"fetch failed"
TAXA137,0,,0,"fetch failed"
TAXA138,0,,0,"fetch failed"
TAXA139,0,,0,"fetch failed"
TAXA140,0,,0,"fetch failed"
TAXA141,0,,0,"fetch failed"
TAXA142,0,,0,"fetch failed"
TAXA143,0,,0,"fetch failed"
TAXA144,0,,0,"fetch failed"
TAXA145,0,,0,"fetch failed"
TAXA146,0,,0,"fetch failed"
TAXA147,0,,0,"fetch failed"
TAXA148,0,,0,"fetch failed"
TAXA149,0,,0,"fetch failed"
TAXA150,0,,0,"fetch failed"
TAXA151,0,,0,"fetch failed"
TAXA152,0,,0,"fetch failed"
TAXA153,0,,0,"fetch failed"
TAXA154,0,,0,"fetch failed"
TAXA155,0,,0,"fetch failed"
TAXA156,0,,0,"fetch failed"
TAXA157,0,,0,"fetch failed"
TAXA158,0,,0,"fetch failed"
TAXA159,0,,0,"fetch failed"
TAXA16,0,,0,"fetch failed"
TAXA160,0,,0,"fetch failed"
TAXA161,0,,0,"fetch failed"
TAXA162,0,,0,"fetch failed"
TAXA163,0,,0,"fetch failed"
TAXA164,0,,0,"fetch failed"
TAXA165,0,,0,"fetch failed"
TAXA166,0,,0,"fetch failed"
TAXA167,0,,0,"fetch failed"
TAXA168,0,,0,"fetch failed"
TAXA169,0,,0,"fetch failed"
TAXA16L,0,,0,"fetch failed"
TAXA17,0,,0,"fetch failed"
TAXA170,0,,0,"fetch failed"
TAXA171,0,,0,"fetch failed"
TAXA172,0,,0,"fetch failed"
TAXA173,0,,0,"fetch failed"
TAXA174,0,,0,"fetch failed"
TAXA175,0,,0,"fetch failed"
TAXA176,0,,0,"fetch failed"
TAXA177,0,,0,"fetch failed"
TAXA178,0,,0,"fetch failed"
TAXA179,0,,0,"fetch failed"
TAXA17L,0,,0,"fetch failed"
TAXA18,0,,0,"fetch failed"
TAXA180,0,,0,"fetch failed"
TAXA181,0,,0,"fetch failed"
TAXA182,0,,0,"fetch failed"
TAXA183,0,,0,"fetch failed"
TAXA184,0,,0,"fetch failed"
TAXA185,0,,0,"fetch failed"
TAXA186,0,,0,"fetch failed"
TAXA187,0,,0,"fetch failed"
TAXA188,0,,0,"fetch failed"
TAXA189,0,,0,"fetch failed"
TAXA18L,0,,0,"fetch failed"
TAXA19,0,,0,"fetch failed"
TAXA190,0,,0,"fetch failed"
TAXA191,0,,0,"fetch failed"
TAXA192,0,,0,"fetch failed"
TAXA193,0,,0,"fetch failed"
TAXA194,0,,0,"fetch failed"
TAXA195,0,,0,"fetch failed"
TAXA196,0,,0,"fetch failed"
TAXA197,0,,0,"fetch failed"
TAXA198,0,,0,"fetch failed"
TAXA199,0,,0,"fetch failed"
TAXA19L,0,,0,"fetch failed"
TAXA20,0,,0,"fetch failed"
TAXA200,0,,0,"fetch failed"
TAXA201,0,,0,"fetch failed"
TAXA202,0,,0,"fetch failed"
TAXA203,0,,0,"fetch failed"
TAXA204,0,,0,"fetch failed"
TAXA205,0,,0,"fetch failed"
TAXA206,0,,0,"fetch failed"
TAXA207,0,,0,"fetch failed"
TAXA208,0,,0,"fetch failed"
TAXA209,0,,0,"fetch failed"
TAXA20L,0,,0,"fetch failed"
TAXA21,0,,0,"fetch failed"
TAXA210,0,,0,"fetch failed"
TAXA211,0,,0,"fetch failed"
TAXA212,0,,0,"fetch failed"
TAXA213,0,,0,"fetch failed"
TAXA214,0,,0,"fetch failed"
TAXA215,0,,0,"fetch failed"
TAXA216,0,,0,"fetch failed"
TAXA217,0,,0,"fetch failed"
TAXA218,0,,0,"fetch failed"
TAXA219,0,,0,"fetch failed"
TAXA21L,0,,0,"fetch failed"
TAXA22,0,,0,"fetch failed"
TAXA220,0,,0,"fetch failed"
TAXA221,0,,0,"fetch failed"
TAXA222,0,,0,"fetch failed"
TAXA223,0,,0,"fetch failed"
TAXA224,0,,0,"fetch failed"
TAXA225,0,,0,"fetch failed"
TAXA226,0,,0,"fetch failed"
TAXA227,0,,0,"fetch failed"
TAXA228,0,,0,"fetch failed"
TAXA229,0,,0,"fetch failed"
TAXA22L,0,,0,"fetch failed"
TAXA23,0,,0,"fetch failed"
TAXA230,0,,0,"fetch failed"
TAXA231,0,,0,"fetch failed"
TAXA232,0,,0,"fetch failed"
TAXA233,0,,0,"fetch failed"
TAXA234,0,,0,"fetch failed"
TAXA235,0,,0,"fetch failed"
TAXA236,0,,0,"fetch failed"
TAXA237,0,,0,"fetch failed"
TAXA238,0,,0,"fetch failed"
TAXA239,0,,0,"fetch failed"
TAXA23L,0,,0,"fetch failed"
TAXA24,0,,0,"fetch failed"
TAXA240,0,,0,"fetch failed"
TAXA241,0,,0,"fetch failed"
TAXA242,0,,0,"fetch failed"
TAXA243,0,,0,"fetch failed"
TAXA244,0,,0,"fetch failed"
TAXA245,0,,0,"fetch failed"
TAXA246,0,,0,"fetch failed"
TAXA247,0,,0,"fetch failed"
TAXA248,0,,0,"fetch failed"
TAXA249,0,,0,"fetch failed"
TAXA24L,0,,0,"fetch failed"
TAXA25,0,,0,"fetch failed"
TAXA250,0,,0,"fetch failed"
TAXA251,0,,0,"fetch failed"
TAXA252,0,,0,"fetch failed"
TAXA253,0,,0,"fetch failed"
TAXA254,0,,0,"fetch failed"
TAXA255,0,,0,"fetch failed"
TAXA256,0,,0,"fetch failed"
TAXA257,0,,0,"fetch failed"
TAXA258,0,,0,"fetch failed"
TAXA259,0,,0,"fetch failed"
TAXA25L,0,,0,"fetch failed"
TAXA26,0,,0,"fetch failed"
TAXA260,0,,0,"fetch failed"
TAXA261,0,,0,"fetch failed"
TAXA262,0,,0,"fetch failed"
TAXA263,0,,0,"fetch failed"
TAXA264,0,,0,"fetch failed"
TAXA265,0,,0,"fetch failed"
TAXA266,0,,0,"fetch failed"
TAXA267,0,,0,"fetch failed"
TAXA268,0,,0,"fetch failed"
TAXA269,0,,0,"fetch failed"
TAXA26L,0,,0,"fetch failed"
TAXA27,0,,0,"fetch failed"
TAXA270,0,,0,"fetch failed"
TAXA271,0,,0,"fetch failed"
TAXA272,0,,0,"fetch failed"
TAXA273,0,,0,"fetch failed"
TAXA274,0,,0,"fetch failed"
TAXA275,0,,0,"fetch failed"
TAXA276,0,,0,"fetch failed"
TAXA277,0,,0,"fetch failed"
TAXA278,0,,0,"fetch failed"
TAXA279,0,,0,"fetch failed"
TAXA27L,0,,0,"fetch failed"
TAXA28,0,,0,"fetch failed"
TAXA280,0,,0,"fetch failed"
TAXA281,0,,0,"fetch failed"
TAXA282,0,,0,"fetch failed"
TAXA283,0,,0,"fetch failed"
TAXA284,0,,0,"fetch failed"
TAXA285,0,,0,"fetch failed"
TAXA286,0,,0,"fetch failed"
TAXA287,0,,0,"fetch failed"
TAXA288,0,,0,"fetch failed"
TAXA289,0,,0,"fetch failed"
TAXA28L,0,,0,"fetch failed"
TAXA29,0,,0,"fetch failed"
TAXA290,0,,0,"fetch failed"
TAXA291,0,,0,"fetch failed"
TAXA292,0,,0,"fetch failed"
TAXA293,0,,0,"fetch failed"
TAXA294,0,,0,"fetch failed"
TAXA295,0,,0,"fetch failed"
TAXA296,0,,0,"fetch failed"
TAXA297,0,,0,"fetch failed"
TAXA298,0,,0,"fetch failed"
TAXA299,0,,0,"fetch failed"
TAXA29L,0,,0,"fetch failed"
TAXA30,0,,0,"fetch failed"
TAXA300,0,,0,"fetch failed"
TAXA301,0,,0,"fetch failed"
TAXA302,0,,0,"fetch failed"
TAXA303,0,,0,"fetch failed"
TAXA304,0,,0,"fetch failed"
TAXA305,0,,0,"fetch failed"
TAXA306,0,,0,"fetch failed"
TAXA307,0,,0,"fetch failed"
TAXA308,0,,0,"fetch failed"
TAXA309,0,,0,"fetch failed"
TAXA30L,0,,0,"fetch failed"
TAXA31,0,,0,"fetch failed"
TAXA310,0,,0,"fetch failed"
TAXA311,0,,0,"fetch failed"
TAXA312,0,,0,"fetch failed"
TAXA313,0,,0,"fetch failed"
TAXA314,0,,0,"fetch failed"
TAXA315,0,,0,"fetch failed"
TAXA316,0,,0,"fetch failed"
TAXA317,0,,0,"fetch failed"
TAXA318,0,,0,"fetch failed"
TAXA319,0,,0,"fetch failed"
TAXA31L,0,,0,"fetch failed"
TAXA32,0,,0,"fetch failed"
TAXA320,0,,0,"fetch failed"
TAXA321,0,,0,"fetch failed"
TAXA322,0,,0,"fetch failed"
TAXA323,0,,0,"fetch failed"
TAXA324,0,,0,"fetch failed"
TAXA325,0,,0,"fetch failed"
TAXA326,0,,0,"fetch failed"
TAXA327,0,,0,"fetch failed"
TAXA328,0,,0,"fetch failed"
TAXA329,0,,0,"fetch failed"
TAXA32L,0,,0,"fetch failed"
TAXA33,0,,0,"fetch failed"
TAXA330,0,,0,"fetch failed"
TAXA331,0,,0,"fetch failed"
TAXA332,0,,0,"fetch failed"
TAXA333,0,,0,"fetch failed"
TAXA334,0,,0,"fetch failed"
TAXA335,0,,0,"fetch failed"
TAXA336,0,,0,"fetch failed"
TAXA337,0,,0,"fetch failed"
TAXA338,0,,0,"fetch failed"
TAXA339,0,,0,"fetch failed"
TAXA33L,0,,0,"fetch failed"
TAXA34,0,,0,"fetch failed"
TAXA340,0,,0,"fetch failed"
TAXA341,0,,0,"fetch failed"
TAXA342,0,,0,"fetch failed"
TAXA343,0,,0,"fetch failed"
TAXA344,0,,0,"fetch failed"
TAXA345,0,,0,"fetch failed"
TAXA346,0,,0,"fetch failed"
TAXA347,0,,0,"fetch failed"
TAXA348,0,,0,"fetch failed"
TAXA349,0,,0,"fetch failed"
TAXA34L,0,,0,"fetch failed"
TAXA35,0,,0,"fetch failed"
TAXA350,0,,0,"fetch failed"
TAXA351,0,,0,"fetch failed"
TAXA352,0,,0,"fetch failed"
TAXA353,0,,0,"fetch failed"
TAXA354,0,,0,"fetch failed"
TAXA355,0,,0,"fetch failed"
TAXA356,0,,0,"fetch failed"
TAXA357,0,,0,"fetch failed"
TAXA358,0,,0,"fetch failed"
TAXA359,0,,0,"fetch failed"
TAXA35L,0,,0,"fetch failed"
TAXA36,0,,0,"fetch failed"
TAXA360,0,,0,"fetch failed"
TAXA361,0,,0,"fetch failed"
TAXA362,0,,0,"fetch failed"
TAXA363,0,,0,"fetch failed"
TAXA364,0,,0,"fetch failed"
TAXA365,0,,0,"fetch failed"
TAXA36L,0,,0,"fetch failed"
TAXA37,0,,0,"fetch failed"
TAXA37L,0,,0,"fetch failed"
TAXA38,0,,0,"fetch failed"
TAXA38L,0,,0,"fetch failed"
TAXA39,0,,0,"fetch failed"
TAXA39L,0,,0,"fetch failed"
TAXA40,0,,0,"fetch failed"
TAXA40L,0,,0,"fetch failed"
TAXA41,0,,0,"fetch failed"
TAXA41L,0,,0,"fetch failed"
TAXA42,0,,0,"fetch failed"
TAXA42L,0,,0,"fetch failed"
TAXA43,0,,0,"fetch failed"
TAXA43L,0,,0,"fetch failed"
TAXA44,0,,0,"fetch failed"
TAXA44L,0,,0,"fetch failed"
TAXA45,0,,0,"fetch failed"
TAXA45L,0,,0,"fetch failed"
TAXA46,0,,0,"fetch failed"
TAXA46L,0,,0,"fetch failed"
TAXA47,0,,0,"fetch failed"
TAXA47L,0,,0,"fetch failed"
TAXA48,0,,0,"fetch failed"
TAXA48L,0,,0,"fetch failed"
TAXA49,0,,0,"fetch failed"
TAXA49L,0,,0,"fetch failed"
TAXA50,0,,0,"fetch failed"
TAXA50L,0,,0,"fetch failed"
TAXA51,0,,0,"fetch failed"
TAXA51L,0,,0,"fetch failed"
TAXA52,0,,0,"fetch failed"
TAXA52L,0,,0,"fetch failed"
TAXA53,0,,0,"fetch failed"
TAXA53L,0,,0,"fetch failed"
TAXA54,0,,0,"fetch failed"
TAXA54L,0,,0,"fetch failed"
TAXA55,0,,0,"fetch failed"
TAXA55L,0,,0,"fetch failed"
TAXA56,0,,0,"fetch failed"
TAXA56L,0,,0,"fetch failed"
TAXA57,0,,0,"fetch failed"
TAXA57L,0,,0,"fetch failed"
TAXA58,0,,0,"fetch failed"
TAXA58L,0,,0,"fetch failed"
TAXA59,0,,0,"fetch failed"
TAXA59L,0,,0,"fetch failed"
TAXA60,0,,0,"fetch failed"
TAXA60L,0,,0,"fetch failed"
TAXA61,0,,0,"fetch failed"
TAXA61L,0,,0,"fetch failed"
TAXA62,0,,0,"fetch failed"
TAXA62L,0,,0,"fetch failed"
TAXA63,0,,0,"fetch failed"
TAXA63L,0,,0,"fetch failed"
TAXA64,0,,0,"fetch failed"
TAXA64L,0,,0,"fetch failed"
TAXA65,0,,0,"fetch failed"
TAXA65L,0,,0,"fetch failed"
TAXA66,0,,0,"fetch failed"
TAXA66L,0,,0,"fetch failed"
TAXA67,0,,0,"fetch failed"
TAXA67L,0,,0,"fetch failed"
TAXA68,0,,0,"fetch failed"
TAXA68L,0,,0,"fetch failed"
TAXA69,0,,0,"fetch failed"
TAXA69L,0,,0,"fetch failed"
TAXA70,0,,0,"fetch failed"
TAXA70L,0,,0,"fetch failed"
TAXA71,0,,0,"fetch failed"
TAXA71L,0,,0,"fetch failed"
TAXA72,0,,0,"fetch failed"
TAXA72L,0,,0,"fetch failed"
TAXA73,0,,0,"fetch failed"
TAXA73L,0,,0,"fetch failed"
TAXA74,0,,0,"fetch failed"
TAXA74L,0,,0,"fetch failed"
TAXA75,0,,0,"fetch failed"
TAXA75L,0,,0,"fetch failed"
TAXA76,0,,0,"fetch failed"
TAXA76L,0,,0,"fetch failed"
TAXA77,0,,0,"fetch failed"
TAXA77L,0,,0,"fetch failed"
TAXA78,0,,0,"fetch failed"
TAXA78L,0,,0,"fetch failed"
TAXA79,0,,0,"fetch failed"
TAXA79L,0,,0,"fetch failed"
TAXA80,0,,0,"fetch failed"
TAXA80L,0,,0,"fetch failed"
TAXA81,0,,0,"fetch failed"
TAXA81L,0,,0,"fetch failed"
TAXA82,0,,0,"fetch failed"
TAXA82L,0,,0,"fetch failed"
TAXA83,0,,0,"fetch failed"
TAXA83L,0,,0,"fetch failed"
TAXA84,0,,0,"fetch failed"
TAXA84L,0,,0,"fetch failed"
TAXA85,0,,0,"fetch failed"
TAXA85L,0,,0,"fetch failed"
TAXA86,0,,0,"fetch failed"
TAXA86L,0,,0,"fetch failed"
TAXA87,0,,0,"fetch failed"
TAXA87L,0,,0,"fetch failed"
TAXA88,0,,0,"fetch failed"
TAXA88L,0,,0,"fetch failed"
TAXA89,0,,0,"fetch failed"
TAXA89L,0,,0,"fetch failed"
TAXA90,0,,0,"fetch failed"
TAXA90L,0,,0,"fetch failed"
TAXA91,0,,0,"fetch failed"
TAXA91L,0,,0,"fetch failed"
TAXA92,0,,0,"fetch failed"
TAXA92L,0,,0,"fetch failed"
TAXA93,0,,0,"fetch failed"
TAXA93L,0,,0,"fetch failed"
TAXA94,0,,0,"fetch failed"
TAXA94L,0,,0,"fetch failed"
TAXA95,0,,0,"fetch failed"
TAXA95L,0,,0,"fetch failed"
TAXA96,0,,0,"fetch failed"
TAXA96L,0,,0,"fetch failed"
TAXA97,0,,0,"fetch failed"
TAXA97L,0,,0,"fetch failed"
TAXA98,0,,0,"fetch failed"
TAXA98L,0,,0,"fetch failed"
TAXA99,0,,0,"fetch failed"
TAXA99L,0,,0,"fetch failed"
ACWI11,0,,0,"fetch failed"
BDIV11,0,,0,"fetch failed"
BLUE11,0,,0,"fetch failed"
BOVA11,0,,0,"fetch failed"
BOVB11,0,,0,"fetch failed"
BOVV11,0,,0,"fetch failed"
BOVX11,0,,0,"fetch failed"
CHIP11,0,,0,"fetch failed"
DIVD11,0,,0,"fetch failed"
DIVO11,0,,0,"fetch failed"
HIGH11,0,,0,"fetch failed"
IDIV11,0,,0,"fetch failed"
IFNC11,0,,0,"fetch failed"
IMAT11,0,,0,"fetch failed"
INLG11,0,,0,"fetch failed"
INRD11,0,,0,"fetch failed"
ISEE11,0,,0,"fetch failed"
ISUS11,0,,0,"fetch failed"
IVBX11,0,,0,"fetch failed"
IVCI11,0,,0,"fetch failed"
IVVB11,0,,0,"fetch failed"
LVOL11,0,,0,"fetch failed"
MATB11,0,,0,"fetch failed"
MLCX11,0,,0,"fetch failed"
NASD11,0,,0,"fetch failed"
NDIV11,0,,0,"fetch failed"
NSDV11,0,,0,"fetch failed"
NTNS11,0,,0,"fetch failed"
QQQI11,0,,0,"fetch failed"
QSOL11,0,,0,"fetch failed"
RENV11,0,,0,"fetch failed"
SMAB11,0,,0,"fetch failed"
SMAL11,0,,0,"fetch failed"
SMLL11,0,,0,"fetch failed"
SNID11,0,,0,"fetch failed"
SPXB11,0,,0,"fetch failed"
SPXS11,0,,0,"fetch failed"
SPYI11,0,,0,"fetch failed"
TECK11,0,,0,"fetch failed"
USAL11,0,,0,"fetch failed"
USTK11,0,,0,"fetch failed"
UTIL11,0,,0,"fetch failed"
WRLD11,0,,0,"fetch failed"
XINA11,0,,0,"fetch failed"
ICFH26,0,,0,"fetch failed"
ICFU26,0,,0,"fetch failed"
ICFZ26,0,,0,"fetch failed"
INDG27,0,,0,"fetch failed"
INDJ26,0,,0,"fetch failed"
INDM26,0,,0,"fetch failed"
INDQ26,0,,0,"fetch failed"
INDV26,0,,0,"fetch failed"
INDZ26,0,,0,"fetch failed"
ISPH26,0,,0,"fetch failed"
SMLJ26,0,,0,"fetch failed"
SMLM26,0,,0,"fetch failed"
SMLQ26,0,,0,"fetch failed"
SMLV26,0,,0,"fetch failed"
SMLZ26,0,,0,"fetch failed"
VIXH26,0,,0,"fetch failed"
WINJ26,0,,0,"fetch failed"
WINM26,0,,0,"fetch failed"
WINQ26,0,,0,"fetch failed"
WINV26,0,,0,"fetch failed"
WINZ26,0,,0,"fetch failed"
BDRX,0,,0,"fetch failed"
CAC40,0,,0,"fetch failed"
CSI300,0,,0,"fetch failed"
DAX,0,,0,"fetch failed"
DJI,0,,0,"fetch failed"
FTSE,0,,0,"fetch failed"
HSI,0,,0,"fetch failed"
IBOV,0,,0,"fetch failed"
ICON,0,,0,"fetch failed"
IDIV,0,,0,"fetch failed"
IEEX,0,,0,"fetch failed"
IFIX,0,,0,"fetch failed"
IFNC,0,,0,"fetch failed"
IGCX,0,,0,"fetch failed"
IGNM,0,,0,"fetch failed"
IMAT,0,,0,"fetch failed"
IMOB,0,,0,"fetch failed"
INDX,0,,0,"fetch failed"
ISE,0,,0,"fetch failed"
ITAG,0,,0,"fetch failed"
MLCX,0,,0,"fetch failed"
NDX,0,,0,"fetch failed"
NIKKEI,0,,0,"fetch failed"
RUT,0,,0,"fetch failed"
SMLL,0,,0,"fetch failed"
SPX,0,,0,"fetch failed"
UTIL,0,,0,"fetch failed"
VIX,0,,0,"fetch failed"